Id,Actors,Awards,BoxOffice,Country,DVD,Director,Error,Genre,Language,Metascore,Plot,Poster,Production,Rated,Ratings,Released,Response,Runtime,Title,Type,Website,Writer,Year,imdbID,imdbRating,imdbVotes,totalSeasons,Marvel Film,DC Film,genre_cleaned
0,"Robert Downey Jr., Chris Evans, Mark Ruffalo, Chris Hemsworth",,,USA,30-Jul-19,"Anthony Russo, Joe Russo",,"Action, Adventure, Drama, Sci-Fi","English, Japanese, Xhosa",78,"After the devastating events of Avengers: Infinity War (2018), the universe is in ruins. With the help of remaining allies, the Avengers assemble once more in order to reverse Thanos' actions and restore balance to the universe.",https://m.media-amazon.com/images/M/MV5BMTc5MDE2ODcwNV5BMl5BanBnXkFtZTgwMzI2NzQ2NzM@._V1_SX300.jpg,Marvel Studios,PG-13,"[{'Source': 'Internet Movie Database', 'Value': '8.5/10'}, {'Source': 'Rotten Tomatoes', 'Value': '94%'}, {'Source': 'Metacritic', 'Value': '78/100'}]",26-Apr-19,1,181 min,Avengers: Endgame,movie,,"Christopher Markus (screenplay by), Stephen McFeely (screenplay by), Stan Lee (based on the Marvel comics by), Jack Kirby (based on the Marvel comics by), Joe Simon (Captain America created by), Jack Kirby (Captain America created by), Steve Englehart (Star-Lord created by), Steve Gan (Star-Lord created by), Bill Mantlo (Rocket Raccoon created by), Keith Giffen (Rocket Raccoon created by), Jim Starlin (Thanos,  Gamora & Drax created by), Stan Lee (Groot created by), Larry Lieber (Groot created by), Jack Kirby (Groot created by), Steve Englehart (Mantis created by), Don Heck (Mantis created by)",2019,tt4154796,8.5,"589,503",,1,0,Drama/Family/Romance/Comedy
2,"Tom Holland, Samuel L. Jackson, Jake Gyllenhaal, Marisa Tomei",,,USA,17-Sep-19,Jon Watts,,"Action, Adventure, Sci-Fi","Italian, Czech, English",69,"Following the events of Avengers: Endgame (2019), Spider-Man must step up to take on new threats in a world that has changed forever.",https://m.media-amazon.com/images/M/MV5BMGZlNTY1ZWUtYTMzNC00ZjUyLWE0MjQtMTMxN2E3ODYxMWVmXkEyXkFqcGdeQXVyMDM2NDM2MQ@@._V1_SX300.jpg,Sony Pictures,PG-13,"[{'Source': 'Internet Movie Database', 'Value': '7.6/10'}, {'Source': 'Rotten Tomatoes', 'Value': '90%'}, {'Source': 'Metacritic', 'Value': '69/100'}]",2-Jul-19,1,129 min,Spider-Man: Far from Home,movie,,"Chris McKenna, Erik Sommers, Stan Lee (based on the Marvel comic book by), Steve Ditko (based on the Marvel comic book by)",2019,tt6320628,7.6,"221,516",,1,0,Action/Adventure
3,"Brie Larson, Samuel L. Jackson, Ben Mendelsohn, Jude Law",,,"USA, Australia",11-Jun-19,"Anna Boden, Ryan Fleck",,"Action, Adventure, Sci-Fi",English,64,Carol Danvers becomes one of the universe's most powerful heroes when Earth is caught in the middle of a galactic war between two alien races.,https://m.media-amazon.com/images/M/MV5BMTE0YWFmOTMtYTU2ZS00ZTIxLWE3OTEtYTNiYzBkZjViZThiXkEyXkFqcGdeQXVyODMzMzQ4OTI@._V1_SX300.jpg,Marvel Studios,PG-13,"[{'Source': 'Internet Movie Database', 'Value': '7.0/10'}, {'Source': 'Rotten Tomatoes', 'Value': '78%'}, {'Source': 'Metacritic', 'Value': '64/100'}]",8-Mar-19,1,123 min,Captain Marvel,movie,,"Anna Boden (screenplay by), Ryan Fleck (screenplay by), Geneva Robertson-Dworet (screenplay by), Nicole Perlman (story by), Meg LeFauve (story by), Anna Boden (story by), Ryan Fleck (story by), Geneva Robertson-Dworet (story by)",2019,tt4154664,7,"368,679",,1,0,Action/Adventure
6,"Joaquin Phoenix, Robert De Niro, Zazie Beetz, Frances Conroy",,,"USA, Canada",,Todd Phillips,,"Crime, Drama, Thriller",English,59,"In Gotham City, mentally-troubled comedian Arthur Fleck is disregarded and mistreated by society. He then embarks on a downward spiral of revolution and bloody crime. This path brings him face-to-face with his alter-ego: ""The Joker"".",https://m.media-amazon.com/images/M/MV5BNGVjNWI4ZGUtNzE0MS00YTJmLWE0ZDctN2ZiYTk2YmI3NTYyXkEyXkFqcGdeQXVyMTkxNjUyNQ@@._V1_SX300.jpg,Warner Bros. Pictures,R,"[{'Source': 'Internet Movie Database', 'Value': '8.9/10'}, {'Source': 'Rotten Tomatoes', 'Value': '68%'}, {'Source': 'Metacritic', 'Value': '59/100'}]",4-Oct-19,1,122 min,Joker,movie,,"Todd Phillips, Scott Silver, Bob Kane (based on characters created by), Bill Finger (based on characters created by), Jerry Robinson (based on characters created by)",2019,tt7286456,8.9,"360,218",,0,1,Thriller/Mystery/Horror/Crime
19,"Zachary Levi, Mark Strong, Asher Angel, Jack Dylan Grazer",,,"USA, Canada",2-Jul-19,David F. Sandberg,,"Action, Adventure, Comedy, Fantasy","English, Spanish",70,"We all have a superhero inside us, it just takes a bit of magic to bring it out. In Billy Batson's case, by shouting out one word - SHAZAM - this streetwise fourteen-year-old foster kid can turn into the grown-up superhero Shazam.",https://m.media-amazon.com/images/M/MV5BYTE0Yjc1NzUtMjFjMC00Y2I3LTg3NGYtNGRlMGJhYThjMTJmXkEyXkFqcGdeQXVyNTI4MzE4MDU@._V1_SX300.jpg,New Line Cinema,PG-13,"[{'Source': 'Internet Movie Database', 'Value': '7.1/10'}, {'Source': 'Rotten Tomatoes', 'Value': '90%'}, {'Source': 'Metacritic', 'Value': '70/100'}]",5-Apr-19,1,132 min,Shazam!,movie,,"Henry Gayden (screenplay by), Henry Gayden (story by), Darren Lemke (story by), Bill Parker (Shazam created by), C.C. Beck (Shazam created by)",2019,tt0448115,7.1,"185,711",,0,1,Action/Adventure
98,"Robert Downey Jr., Chris Hemsworth, Mark Ruffalo, Chris Evans",,"$664,987,816 ",USA,14-Aug-18,"Anthony Russo, Joe Russo",,"Action, Adventure, Sci-Fi",English,68,The Avengers and their allies must be willing to sacrifice all in an attempt to defeat the powerful Thanos before his blitz of devastation and ruin puts an end to the universe.,https://m.media-amazon.com/images/M/MV5BMjMxNjY2MDU1OV5BMl5BanBnXkFtZTgwNzY1MTUwNTM@._V1_SX300.jpg,Walt Disney Pictures,PG-13,"[{'Source': 'Internet Movie Database', 'Value': '8.5/10'}, {'Source': 'Rotten Tomatoes', 'Value': '85%'}, {'Source': 'Metacritic', 'Value': '68/100'}]",27-Apr-18,1,149 min,Avengers: Infinity War,movie,,"Christopher Markus (screenplay by), Stephen McFeely (screenplay by), Stan Lee (based on the Marvel comics by), Jack Kirby (based on the Marvel comics by), Joe Simon (Captain America created by), Jack Kirby (Captain America created by), Steve Englehart (Star-Lord created by), Steve Gan (Star-Lord created by), Bill Mantlo (Rocket Raccoon created by), Keith Giffen (Rocket Raccoon created by), Jim Starlin (Thanos,  Gamora and Drax created by), Stan Lee (Groot created by), Larry Lieber (Groot created by), Jack Kirby (Groot created by), Steve Englehart (Mantis created by), Don Heck (Mantis created by)",2018,tt4154756,8.5,"717,106",,1,0,Action/Adventure
99,"Chadwick Boseman, Michael B. Jordan, Lupita Nyong'o, Danai Gurira",14 nominations.,"$501,105,037 ",USA,15-May-18,Ryan Coogler,,"Action, Adventure, Sci-Fi","English, Swahili, Nama, Xhosa, Korean",88,"T'Challa, heir to the hidden but advanced kingdom of Wakanda, must step forward to lead his people into a new future and must confront a challenger from his country's past.",https://m.media-amazon.com/images/M/MV5BMTg1MTY2MjYzNV5BMl5BanBnXkFtZTgwMTc4NTMwNDI@._V1_SX300.jpg,Marvel Studios,PG-13,"[{'Source': 'Internet Movie Database', 'Value': '7.3/10'}, {'Source': 'Rotten Tomatoes', 'Value': '97%'}, {'Source': 'Metacritic', 'Value': '88/100'}]",16-Feb-18,1,134 min,Black Panther,movie,,"Ryan Coogler, Joe Robert Cole, Stan Lee (based on the Marvel comics by), Jack Kirby (based on the Marvel Comics by)",2018,tt1825683,7.3,"545,565",,1,0,Action/Adventure
102,"Jason Momoa, Amber Heard, Willem Dafoe, Patrick Wilson",,,"USA, Australia",,James Wan,,"Action, Adventure, Fantasy, Sci-Fi","English, Russian, Maori, Italian",55,"Arthur Curry, the human-born heir to the underwater kingdom of Atlantis, goes on a quest to prevent a war between the worlds of ocean and land.",https://m.media-amazon.com/images/M/MV5BOTk5ODg0OTU5M15BMl5BanBnXkFtZTgwMDQ3MDY3NjM@._V1_SX300.jpg,Warner Bros. Pictures,PG-13,"[{'Source': 'Internet Movie Database', 'Value': '7.0/10'}, {'Source': 'Rotten Tomatoes', 'Value': '65%'}, {'Source': 'Metacritic', 'Value': '55/100'}]",21-Dec-18,1,143 min,Aquaman,movie,,"David Leslie Johnson-McGoldrick (screenplay by), Will Beall (screenplay by), Geoff Johns (story by), James Wan (story by), Will Beall (story by), Paul Norris (Aquaman created by), Mort Weisinger (Aquaman created by)",2018,tt1477834,7,"308,222",,0,1,Fantasy/Sci-Fi
108,"Paul Rudd, Evangeline Lilly, Michael Peña, Walton Goggins",,,USA,16-Oct-18,Peyton Reed,,"Action, Adventure, Comedy, Sci-Fi","English, Spanish",70,"As Scott Lang balances being both a superhero and a father, Hope van Dyne and Dr. Hank Pym present an urgent new mission that finds the Ant-Man fighting alongside The Wasp to uncover secrets from their past.",https://m.media-amazon.com/images/M/MV5BYjcyYTk0N2YtMzc4ZC00Y2E0LWFkNDgtNjE1MzZmMGE1YjY1XkEyXkFqcGdeQXVyMTMxODk2OTU@._V1_SX300.jpg,Walt Disney Pictures,PG-13,"[{'Source': 'Internet Movie Database', 'Value': '7.1/10'}, {'Source': 'Rotten Tomatoes', 'Value': '88%'}, {'Source': 'Metacritic', 'Value': '70/100'}]",6-Jul-18,1,118 min,Ant-Man and the Wasp,movie,,"Chris McKenna, Erik Sommers, Paul Rudd, Andrew Barrer, Gabriel Ferrari, Stan Lee (based on the Marvel Comics by), Larry Lieber (based on the Marvel Comics by), Jack Kirby (based on the Marvel Comics by)",2018,tt5095030,7.1,"264,432",,1,0,Fantasy/Sci-Fi
202,"Tom Holland, Michael Keaton, Robert Downey Jr., Marisa Tomei",4 wins & 9 nominations.,"$334,166,825 ",USA,17-Oct-17,Jon Watts,,"Action, Adventure, Sci-Fi","English, Spanish",73,"Peter Parker balances his life as an ordinary high school student in Queens with his superhero alter-ego Spider-Man, and finds himself on the trail of a new menace prowling the skies of New York City.",https://m.media-amazon.com/images/M/MV5BNTk4ODQ1MzgzNl5BMl5BanBnXkFtZTgwMTMyMzM4MTI@._V1_SX300.jpg,Sony Pictures,PG-13,"[{'Source': 'Internet Movie Database', 'Value': '7.4/10'}, {'Source': 'Rotten Tomatoes', 'Value': '92%'}, {'Source': 'Metacritic', 'Value': '73/100'}]",7-Jul-17,1,133 min,Spider-Man: Homecoming,movie,,"Jonathan Goldstein (screenplay by), John Francis Daley (screenplay by), Jon Watts (screenplay by), Christopher Ford (screenplay by), Chris McKenna (screenplay by), Erik Sommers (screenplay by), Jonathan Goldstein (screen story by), John Francis Daley (screen story by), Stan Lee (based on the Marvel comic book by), Steve Ditko (based on the Marvel comic book by), Joe Simon (Captain America created by), Jack Kirby (Captain America created by)",2017,tt2250912,7.4,"457,985",,1,0,Action/Adventure
204,"Chris Pratt, Zoe Saldana, Dave Bautista, Vin Diesel",Nominated for 1 Oscar. Another 12 wins & 42 nominations.,"$389,804,217 ",USA,22-Aug-17,James Gunn,,"Action, Adventure, Comedy, Sci-Fi",English,67,"The Guardians struggle to keep together as a team while dealing with their personal family issues, notably Star-Lord's encounter with his father the ambitious celestial being Ego.",https://m.media-amazon.com/images/M/MV5BNjM0NTc0NzItM2FlYS00YzEwLWE0YmUtNTA2ZWIzODc2OTgxXkEyXkFqcGdeQXVyNTgwNzIyNzg@._V1_SX300.jpg,Walt Disney Pictures,PG-13,"[{'Source': 'Internet Movie Database', 'Value': '7.6/10'}, {'Source': 'Rotten Tomatoes', 'Value': '84%'}, {'Source': 'Metacritic', 'Value': '67/100'}]",5-May-17,1,136 min,Guardians of the Galaxy Vol. 2,movie,,"James Gunn, Dan Abnett (based on the Marvel comics by), Andy Lanning (based on the Marvel comics by), Steve Englehart (Star-Lord created by), Steve Gan (Star-Lord created by), Jim Starlin (Gamora and Drax created by), Stan Lee (Groot created by), Larry Lieber (Groot created by), Jack Kirby (Groot created by), Bill Mantlo (Rocket Raccoon created by), Keith Giffen (Rocket Raccoon created by), Steve Gerber (Howard the Duck created by), Val Mayerik (Howard the Duck created by)",2017,tt3896198,7.6,"507,090",,1,0,Action/Adventure
205,"Chris Hemsworth, Tom Hiddleston, Cate Blanchett, Idris Elba",5 wins & 30 nominations.,"$314,971,245 ",USA,6-Mar-18,Taika Waititi,,"Action, Adventure, Comedy, Fantasy, Sci-Fi",English,74,"Imprisoned on the planet Sakaar, Thor must race against time to return to Asgard and stop Ragnarök, the destruction of his world, at the hands of the powerful and ruthless villain Hela.",https://m.media-amazon.com/images/M/MV5BMjMyNDkzMzI1OF5BMl5BanBnXkFtZTgwODcxODg5MjI@._V1_SX300.jpg,Walt Disney Pictures,PG-13,"[{'Source': 'Internet Movie Database', 'Value': '7.9/10'}, {'Source': 'Rotten Tomatoes', 'Value': '93%'}, {'Source': 'Metacritic', 'Value': '74/100'}]",3-Nov-17,1,130 min,Thor: Ragnarok,movie,,"Eric Pearson, Craig Kyle, Christopher L. Yost, Stan Lee (based on the Marvel comics by), Larry Lieber (based on the Marvel comics by), Jack Kirby (based on the Marvel comics by)",2017,tt3501632,7.9,"516,330",,1,0,Fantasy/Sci-Fi
206,"Gal Gadot, Chris Pine, Connie Nielsen, Robin Wright",17 wins & 54 nominations.,"$412,400,625 ","USA, China, Hong Kong",19-Sep-17,Patty Jenkins,,"Action, Adventure, Fantasy, Sci-Fi, War","English, German, Dutch, French, Spanish, Chinese, Greek,  Ancient (to 1453), North American Indian",76,"When a pilot crashes and tells of conflict in the outside world, Diana, an Amazonian warrior in training, leaves home to fight a war, discovering her full powers and true destiny.",https://m.media-amazon.com/images/M/MV5BNDFmZjgyMTEtYTk5MC00NmY0LWJhZjktOWY2MzI5YjkzODNlXkEyXkFqcGdeQXVyMDA4NzMyOA@@._V1_SX300.jpg,Warner Bros. Pictures,PG-13,"[{'Source': 'Internet Movie Database', 'Value': '7.4/10'}, {'Source': 'Rotten Tomatoes', 'Value': '93%'}, {'Source': 'Metacritic', 'Value': '76/100'}]",2-Jun-17,1,141 min,Wonder Woman,movie,,"Allan Heinberg (screenplay by), Zack Snyder (story by), Allan Heinberg (story by), Jason Fuchs (story by), William Moulton Marston (Wonder Woman created by)",2017,tt0451279,7.4,"501,523",,0,1,Biography/History/Documentary/War
210,"Ben Affleck, Henry Cavill, Amy Adams, Gal Gadot",1 win & 6 nominations.,"$227,032,490 ","USA, Canada, UK",13-Mar-18,Zack Snyder,,"Action, Adventure, Fantasy, Sci-Fi","English, Irish, Russian, Icelandic",45,"Fueled by his restored faith in humanity and inspired by Superman's selfless act, Bruce Wayne enlists the help of his new-found ally, Diana Prince, to face an even greater enemy.",https://m.media-amazon.com/images/M/MV5BYWVhZjZkYTItOGIwYS00NmRkLWJlYjctMWM0ZjFmMDU4ZjEzXkEyXkFqcGdeQXVyMTMxODk2OTU@._V1_SX300.jpg,Warner Bros. Pictures,PG-13,"[{'Source': 'Internet Movie Database', 'Value': '6.4/10'}, {'Source': 'Rotten Tomatoes', 'Value': '40%'}, {'Source': 'Metacritic', 'Value': '45/100'}]",17-Nov-17,1,120 min,Justice League,movie,,"Jerry Siegel (Superman created by), Joe Shuster (Superman created by), Chris Terrio (story by), Zack Snyder (story by), Chris Terrio (screenplay by), Joss Whedon (screenplay by), Gardner Fox (Justice League of America created by), Bob Kane (Batman created by), Bill Finger (Batman created by), William Moulton Marston (Wonder Woman created by), Jack Kirby (Fourth World created by)",2017,tt0974015,6.4,"342,681",,0,1,Fantasy/Sci-Fi
296,"Chris Evans, Robert Downey Jr., Scarlett Johansson, Sebastian Stan",16 wins & 65 nominations.,"$408,080,554 ",USA,13-Sep-16,"Anthony Russo, Joe Russo",,"Action, Adventure, Sci-Fi","English, German, Xhosa, Russian, Romanian, Hindi",75,Political involvement in the Avengers' affairs causes a rift between Captain America and Iron Man.,https://m.media-amazon.com/images/M/MV5BMjQ0MTgyNjAxMV5BMl5BanBnXkFtZTgwNjUzMDkyODE@._V1_SX300.jpg,Walt Disney Pictures,PG-13,"[{'Source': 'Internet Movie Database', 'Value': '7.8/10'}, {'Source': 'Rotten Tomatoes', 'Value': '91%'}, {'Source': 'Metacritic', 'Value': '75/100'}]",6-May-16,1,147 min,Captain America: Civil War,movie,,"Christopher Markus (screenplay by), Stephen McFeely (screenplay by), Joe Simon (based on the Marvel comics by), Jack Kirby (based on the Marvel comics by)",2016,tt3498820,7.8,"607,002",,1,0,Fantasy/Sci-Fi
304,"Will Smith, Jaime FitzSimons, Ike Barinholtz, Margot Robbie",Won 1 Oscar. Another 16 wins & 37 nominations.,"$325,021,779 ",USA,13-Dec-16,David Ayer,,"Action, Adventure, Fantasy, Sci-Fi","English, Japanese, Spanish",40,A secret government agency recruits some of the most dangerous incarcerated super-villains to form a defensive task force. Their first mission: save the world from the apocalypse.,https://m.media-amazon.com/images/M/MV5BMjM1OTMxNzUyM15BMl5BanBnXkFtZTgwNjYzMTIzOTE@._V1_SX300.jpg,Warner Bros. Pictures,PG-13,"[{'Source': 'Internet Movie Database', 'Value': '6.0/10'}, {'Source': 'Rotten Tomatoes', 'Value': '27%'}, {'Source': 'Metacritic', 'Value': '40/100'}]",5-Aug-16,1,123 min,Suicide Squad,movie,,David Ayer,2016,tt1386697,6,"553,139",,0,1,Action/Adventure
305,"Benedict Cumberbatch, Chiwetel Ejiofor, Rachel McAdams, Benedict Wong",Nominated for 1 Oscar. Another 20 wins & 64 nominations.,"$232,630,718 ",USA,28-Feb-17,Scott Derrickson,,"Action, Adventure, Fantasy, Sci-Fi",English,72,"While on a journey of physical and spiritual healing, a brilliant neurosurgeon is drawn into the world of the mystic arts.",https://m.media-amazon.com/images/M/MV5BNjgwNzAzNjk1Nl5BMl5BanBnXkFtZTgwMzQ2NjI1OTE@._V1_SX300.jpg,Walt Disney Pictures,PG-13,"[{'Source': 'Internet Movie Database', 'Value': '7.5/10'}, {'Source': 'Rotten Tomatoes', 'Value': '89%'}, {'Source': 'Metacritic', 'Value': '72/100'}]",4-Nov-16,1,115 min,Doctor Strange,movie,,"Jon Spaihts, Scott Derrickson, C. Robert Cargill, Stan Lee (based on the Marvel comics by), Steve Ditko (based on the Marvel comics by)",2016,tt1211837,7.5,"538,895",,1,0,Action/Adventure
399,"Robert Downey Jr., Chris Hemsworth, Mark Ruffalo, Chris Evans",7 wins & 45 nominations.,"$429,113,729 ",USA,2-Oct-15,Joss Whedon,,"Action, Adventure, Sci-Fi","English, Korean",66,"When Tony Stark and Bruce Banner try to jump-start a dormant peacekeeping program called Ultron, things go horribly wrong and it's up to Earth's mightiest heroes to stop the villainous Ultron from enacting his terrible plan.",https://m.media-amazon.com/images/M/MV5BMTM4OGJmNWMtOTM4Ni00NTE3LTg3MDItZmQxYjc4N2JhNmUxXkEyXkFqcGdeQXVyNTgzMDMzMTg@._V1_SX300.jpg,Walt Disney Pictures,PG-13,"[{'Source': 'Internet Movie Database', 'Value': '7.3/10'}, {'Source': 'Rotten Tomatoes', 'Value': '75%'}, {'Source': 'Metacritic', 'Value': '66/100'}]",1-May-15,1,141 min,Avengers: Age of Ultron,movie,,"Joss Whedon, Stan Lee (based on the Marvel comics by), Jack Kirby (based on the Marvel comics by), Joe Simon (character created by: Captain America), Jack Kirby (character created by: Captain America), Jim Starlin (character created by: Thanos)",2015,tt2395427,7.3,"685,405",,1,0,Action/Adventure
402,"Ben Affleck, Henry Cavill, Amy Adams, Jesse Eisenberg",14 wins & 30 nominations.,"$293,792,936 ",USA,19-Jul-16,Zack Snyder,,"Action, Adventure, Sci-Fi",English,44,"Fearing that the actions of Superman are left unchecked, Batman takes on the Man of Steel, while the world wrestles with what kind of a hero it really needs.",https://m.media-amazon.com/images/M/MV5BYThjYzcyYzItNTVjNy00NDk0LTgwMWQtYjMwNmNlNWJhMzMyXkEyXkFqcGdeQXVyMTQxNzMzNDI@._V1_SX300.jpg,Warner Bros. Pictures,PG-13,"[{'Source': 'Internet Movie Database', 'Value': '6.5/10'}, {'Source': 'Rotten Tomatoes', 'Value': '28%'}, {'Source': 'Metacritic', 'Value': '44/100'}]",25-Mar-16,1,151 min,Batman v Superman: Dawn of Justice,movie,,"Chris Terrio, David S. Goyer, Bob Kane (Batman created by), Bill Finger (Batman created by), Jerry Siegel (Superman created by), Joe Shuster (Superman created by), William Moulton Marston (character created by: Wonder Woman)",2016,tt2975590,6.5,"588,767",,0,1,Action/Adventure
410,"Paul Rudd, Michael Douglas, Evangeline Lilly, Corey Stoll",Nominated for 1 BAFTA Film Award. Another 3 wins & 32 nominations.,"$138,002,223 ",USA,8-Dec-15,Peyton Reed,,"Action, Adventure, Comedy, Sci-Fi",English,64,"Armed with a super-suit with the astonishing ability to shrink in scale but increase in strength, cat burglar Scott Lang must embrace his inner hero and help his mentor, Dr. Hank Pym, plan and pull off a heist that will save the world.",https://m.media-amazon.com/images/M/MV5BMjM2NTQ5Mzc2M15BMl5BanBnXkFtZTgwNTcxMDI2NTE@._V1_SX300.jpg,Disney/Marvel,PG-13,"[{'Source': 'Internet Movie Database', 'Value': '7.3/10'}, {'Source': 'Rotten Tomatoes', 'Value': '83%'}, {'Source': 'Metacritic', 'Value': '64/100'}]",17-Jul-15,1,117 min,Ant-Man,movie,,"Edgar Wright (screenplay by), Joe Cornish (screenplay by), Adam McKay (screenplay by), Paul Rudd (screenplay by), Edgar Wright (story by), Joe Cornish (story by), Stan Lee (based on the Marvel comics by), Larry Lieber (based on the Marvel comics by), Jack Kirby (based on the Marvel comics by)",2015,tt0478970,7.3,"521,484",,1,0,Fantasy/Sci-Fi
497,"Chris Pratt, Zoe Saldana, Dave Bautista, Vin Diesel",Nominated for 2 Oscars. Another 52 wins & 99 nominations.,"$270,592,504 ",USA,9-Dec-14,James Gunn,,"Action, Adventure, Comedy, Sci-Fi",English,76,A group of intergalactic criminals must pull together to stop a fanatical warrior with plans to purge the universe.,https://m.media-amazon.com/images/M/MV5BMTAwMjU5OTgxNjZeQTJeQWpwZ15BbWU4MDUxNDYxODEx._V1_SX300.jpg,Walt Disney Pictures,PG-13,"[{'Source': 'Internet Movie Database', 'Value': '8.0/10'}, {'Source': 'Rotten Tomatoes', 'Value': '91%'}, {'Source': 'Metacritic', 'Value': '76/100'}]",1-Aug-14,1,121 min,Guardians of the Galaxy,movie,,"James Gunn, Nicole Perlman, Dan Abnett (based on the Marvel comics by), Andy Lanning (based on the Marvel comics by), Bill Mantlo (character created by: Rocket Raccoon), Keith Giffen (character created by: Rocket Raccoon), Jim Starlin (characters created by: Drax the Destroyer,  Gamora & Thanos), Steve Englehart (character created by: Star-Lord), Steve Gan (character created by: Star-Lord), Steve Gerber (character created by: Howard the Duck), Val Mayerik (character created by: Howard the Duck)",2014,tt2015381,8,"975,698",,1,0,Action/Adventure
501,"Chris Evans, Samuel L. Jackson, Scarlett Johansson, Robert Redford",Nominated for 1 Oscar. Another 5 wins & 50 nominations.,"$228,636,083 ",USA,9-Sep-14,"Anthony Russo, Joe Russo",,"Action, Adventure, Sci-Fi","English, French",70,"As Steve Rogers struggles to embrace his role in the modern world, he teams up with a fellow Avenger and S.H.I.E.L.D agent, Black Widow, to battle a new threat from history: an assassin known as the Winter Soldier.",https://m.media-amazon.com/images/M/MV5BMzA2NDkwODAwM15BMl5BanBnXkFtZTgwODk5MTgzMTE@._V1_SX300.jpg,Walt Disney Pictures,PG-13,"[{'Source': 'Internet Movie Database', 'Value': '7.7/10'}, {'Source': 'Rotten Tomatoes', 'Value': '90%'}, {'Source': 'Metacritic', 'Value': '70/100'}]",4-Apr-14,1,136 min,Captain America: The Winter Soldier,movie,,"Christopher Markus (screenplay by), Stephen McFeely (screenplay by), Joe Simon (based on the Marvel comics by), Jack Kirby (based on the Marvel comics by)",2014,tt1843866,7.7,"685,521",,1,0,Action/Adventure
596,"Robert Downey Jr., Gwyneth Paltrow, Don Cheadle, Guy Pearce",Nominated for 1 Oscar. Another 17 wins & 61 nominations.,"$408,992,272 ",USA,24-Sep-13,Shane Black,,"Action, Adventure, Sci-Fi",English,62,"When Tony Stark's world is torn apart by a formidable terrorist called the Mandarin, he starts an odyssey of rebuilding and retribution.",https://m.media-amazon.com/images/M/MV5BMjE5MzcyNjk1M15BMl5BanBnXkFtZTcwMjQ4MjcxOQ@@._V1_SX300.jpg,Walt Disney Pictures,PG-13,"[{'Source': 'Internet Movie Database', 'Value': '7.2/10'}, {'Source': 'Rotten Tomatoes', 'Value': '79%'}, {'Source': 'Metacritic', 'Value': '62/100'}]",3-May-13,1,130 min,Iron Man 3,movie,,"Drew Pearce (screenplay by), Shane Black (screenplay by), Stan Lee (based on the Marvel comic book by), Don Heck (based on the Marvel comic book by), Larry Lieber (based on the Marvel comic book by), Jack Kirby (based on the Marvel comic book by), Warren Ellis (based on the ""Extremis"" mini-series written by), Adi Granov (based on the ""Extremis"" mini-series illustrated by)",2013,tt1300854,7.2,"710,178",,1,0,Action/Adventure
603,"Henry Cavill, Amy Adams, Michael Shannon, Diane Lane",7 wins & 46 nominations.,"$291,021,565 ","USA, UK",12-Nov-13,Zack Snyder,,"Action, Adventure, Sci-Fi",English,55,"Clark Kent is an alien who as a child was evacuated from his dying world and came to Earth, living as a normal human. But when survivors of his alien home invade Earth, he must reveal himself to the world.",https://m.media-amazon.com/images/M/MV5BMTk5ODk1NDkxMF5BMl5BanBnXkFtZTcwNTA5OTY0OQ@@._V1_SX300.jpg,Warner Bros. Pictures,PG-13,"[{'Source': 'Internet Movie Database', 'Value': '7.1/10'}, {'Source': 'Rotten Tomatoes', 'Value': '56%'}, {'Source': 'Metacritic', 'Value': '55/100'}]",14-Jun-13,1,143 min,Man of Steel,movie,,"David S. Goyer (screenplay), David S. Goyer (story), Christopher Nolan (story), Jerry Siegel (Superman created by), Joe Shuster (Superman created by)",2013,tt0770828,7.1,"658,135",,0,1,Action/Adventure
604,"Chris Hemsworth, Natalie Portman, Tom Hiddleston, Anthony Hopkins",3 wins & 21 nominations.,"$206,360,018 ",USA,25-Feb-14,Alan Taylor,,"Action, Adventure, Fantasy",English,54,"When the Dark Elves attempt to plunge the universe into darkness, Thor must embark on a perilous and personal journey that will reunite him with doctor Jane Foster.",https://m.media-amazon.com/images/M/MV5BMTQyNzAwOTUxOF5BMl5BanBnXkFtZTcwMTE0OTc5OQ@@._V1_SX300.jpg,Walt Disney Pictures,PG-13,"[{'Source': 'Internet Movie Database', 'Value': '6.9/10'}, {'Source': 'Rotten Tomatoes', 'Value': '67%'}, {'Source': 'Metacritic', 'Value': '54/100'}]",8-Nov-13,1,112 min,Thor: The Dark World,movie,,"Christopher L. Yost (screenplay by), Christopher Markus (screenplay by), Stephen McFeely (screenplay by), Don Payne (story by), Robert Rodat (story by), Stan Lee (based on the Marvel comics by), Larry Lieber (based on the Marvel comics by), Jack Kirby (based on the Marvel comics by), Walter Simonson (character created by: Malekith)",2013,tt1981115,6.9,"554,924",,1,0,Fantasy/Sci-Fi
693,"Robert Downey Jr., Chris Evans, Mark Ruffalo, Chris Hemsworth",Nominated for 1 Oscar. Another 38 wins & 79 nominations.,"$623,279,547 ",USA,25-Sep-12,Joss Whedon,,"Action, Adventure, Sci-Fi","English, Russian, Hindi",69,Earth's mightiest heroes must come together and learn to fight as a team if they are going to stop the mischievous Loki and his alien army from enslaving humanity.,https://m.media-amazon.com/images/M/MV5BNDYxNjQyMjAtNTdiOS00NGYwLWFmNTAtNThmYjU5ZGI2YTI1XkEyXkFqcGdeQXVyMTMxODk2OTU@._V1_SX300.jpg,Walt Disney Pictures,PG-13,"[{'Source': 'Internet Movie Database', 'Value': '8.0/10'}, {'Source': 'Rotten Tomatoes', 'Value': '92%'}, {'Source': 'Metacritic', 'Value': '69/100'}]",4-May-12,1,143 min,The Avengers,movie,,"Joss Whedon (screenplay), Zak Penn (story), Joss Whedon (story)",2012,tt0848228,8,"1,204,899",,1,0,Action/Adventure
695,"Christian Bale, Gary Oldman, Tom Hardy, Joseph Gordon-Levitt",Nominated for 1 BAFTA Film Award. Another 38 wins & 102 nominations.,"$448,130,642 ","UK, USA",3-Dec-12,Christopher Nolan,,"Action, Thriller","English, Arabic",78,"Eight years after the Joker's reign of anarchy, Batman, with the help of the enigmatic Catwoman, is forced from his exile to save Gotham City from the brutal guerrilla terrorist Bane.",https://m.media-amazon.com/images/M/MV5BMTk4ODQzNDY3Ml5BMl5BanBnXkFtZTcwODA0NTM4Nw@@._V1_SX300.jpg,Warner Bros. Pictures,PG-13,"[{'Source': 'Internet Movie Database', 'Value': '8.4/10'}, {'Source': 'Rotten Tomatoes', 'Value': '87%'}, {'Source': 'Metacritic', 'Value': '78/100'}]",20-Jul-12,1,164 min,The Dark Knight Rises,movie,,"Jonathan Nolan (screenplay), Christopher Nolan (screenplay), Christopher Nolan (story), David S. Goyer (story), Bob Kane (characters)",2012,tt1345836,8.4,"1,418,915",,0,1,Thriller/Mystery/Horror/Crime
802,"Chris Hemsworth, Natalie Portman, Tom Hiddleston, Anthony Hopkins",5 wins & 30 nominations.,"$181,015,141 ",USA,13-Sep-11,Kenneth Branagh,,"Action, Adventure, Fantasy",English,57,"The powerful but arrogant god Thor is cast out of Asgard to live amongst humans in Midgard (Earth), where he soon becomes one of their finest defenders.",https://m.media-amazon.com/images/M/MV5BOGE4NzU1YTAtNzA3Mi00ZTA2LTg2YmYtMDJmMThiMjlkYjg2XkEyXkFqcGdeQXVyNTgzMDMzMTg@._V1_SX300.jpg,Paramount Pictures,PG-13,"[{'Source': 'Internet Movie Database', 'Value': '7.0/10'}, {'Source': 'Rotten Tomatoes', 'Value': '78%'}, {'Source': 'Metacritic', 'Value': '57/100'}]",6-May-11,1,115 min,Thor,movie,,"Ashley Miller (screenplay), Zack Stentz (screenplay), Don Payne (screenplay), J. Michael Straczynski (story), Mark Protosevich (story), Stan Lee (comic book), Larry Lieber (comic book), Jack Kirby (comic book)",2011,tt0800369,7,"700,873",,1,0,Action/Adventure
805,"Chris Evans, Hayley Atwell, Sebastian Stan, Tommy Lee Jones",3 wins & 46 nominations.,"$176,636,816 ",USA,25-Oct-11,Joe Johnston,,"Action, Adventure, Sci-Fi","English, Norwegian, French",66,"Steve Rogers, a rejected military soldier transforms into Captain America after taking a dose of a ""Super-Soldier serum"". But being Captain America comes at a price as he attempts to take down a war monger and a terrorist organization.",https://m.media-amazon.com/images/M/MV5BMTYzOTc2NzU3N15BMl5BanBnXkFtZTcwNjY3MDE3NQ@@._V1_SX300.jpg,Paramount Pictures,PG-13,"[{'Source': 'Internet Movie Database', 'Value': '6.9/10'}, {'Source': 'Rotten Tomatoes', 'Value': '80%'}, {'Source': 'Metacritic', 'Value': '66/100'}]",22-Jul-11,1,124 min,Captain America: The First Avenger,movie,,"Christopher Markus (screenplay), Stephen McFeely (screenplay), Joe Simon (comic books), Jack Kirby (comic books)",2011,tt0458339,6.9,"687,569",,1,0,Action/Adventure
816,"Ryan Reynolds, Blake Lively, Peter Sarsgaard, Mark Strong",3 wins & 6 nominations.,"$116,600,000 ",USA,14-Oct-11,Martin Campbell,,"Action, Adventure, Sci-Fi",English,39,"Reckless test pilot Hal Jordan is granted an alien ring that bestows him with otherworldly powers that inducts him into an intergalactic police force, the Green Lantern Corps.",https://m.media-amazon.com/images/M/MV5BMTMyMTg3OTM5Ml5BMl5BanBnXkFtZTcwNzczMjEyNQ@@._V1_SX300.jpg,Warner Bros. Pictures,PG-13,"[{'Source': 'Internet Movie Database', 'Value': '5.5/10'}, {'Source': 'Rotten Tomatoes', 'Value': '26%'}, {'Source': 'Metacritic', 'Value': '39/100'}]",17-Jun-11,1,114 min,Green Lantern,movie,,"Greg Berlanti (screenplay), Michael Green (screenplay), Marc Guggenheim (screenplay), Michael Goldenberg (screenplay), Greg Berlanti (screen story), Michael Green (screen story), Marc Guggenheim (screen story)",2011,tt1133985,5.5,"255,638",,0,1,Action/Adventure
892,"Robert Downey Jr., Gwyneth Paltrow, Don Cheadle, Scarlett Johansson",Nominated for 1 Oscar. Another 7 wins & 42 nominations.,"$312,057,433 ",USA,28-Sep-10,Jon Favreau,,"Action, Adventure, Sci-Fi","English, French, Russian",57,"With the world now aware of his identity as Iron Man, Tony Stark must contend with both his declining health and a vengeful mad man with ties to his father's legacy.",https://m.media-amazon.com/images/M/MV5BMTM0MDgwNjMyMl5BMl5BanBnXkFtZTcwNTg3NzAzMw@@._V1_SX300.jpg,Paramount Studios,PG-13,"[{'Source': 'Internet Movie Database', 'Value': '7.0/10'}, {'Source': 'Rotten Tomatoes', 'Value': '73%'}, {'Source': 'Metacritic', 'Value': '57/100'}]",7-May-10,1,124 min,Iron Man 2,movie,,"Justin Theroux (screenplay), Stan Lee (Marvel comic book), Don Heck (Marvel comic book), Larry Lieber (Marvel comic book), Jack Kirby (Marvel comic book)",2010,tt1228705,7,"674,273",,1,0,Action/Adventure
1017,"Malin Akerman, Billy Crudup, Matthew Goode, Jackie Earle Haley",11 wins & 22 nominations.,"$107,453,620 ",USA,21-Jul-09,Zack Snyder,,"Action, Drama, Mystery, Sci-Fi",English,56,"In 1985 where former superheroes exist, the murder of a colleague sends active vigilante Rorschach into his own sprawling investigation, uncovering something that could completely change the course of history as we know it.",https://m.media-amazon.com/images/M/MV5BY2IzNGNiODgtOWYzOS00OTI0LTgxZTUtOTA5OTQ5YmI3NGUzXkEyXkFqcGdeQXVyNjU0OTQ0OTY@._V1_SX300.jpg,Warner Bros. Pictures,R,"[{'Source': 'Internet Movie Database', 'Value': '7.6/10'}, {'Source': 'Rotten Tomatoes', 'Value': '64%'}, {'Source': 'Metacritic', 'Value': '56/100'}]",6-Mar-09,1,162 min,Watchmen,movie,,"David Hayter (screenplay), Alex Tse (screenplay), Dave Gibbons (graphic novel illustrator)",2009,tt0409459,7.6,"465,521",,0,1,Drama/Family/Romance/Comedy
1082,"Christian Bale, Heath Ledger, Aaron Eckhart, Michael Caine",Won 2 Oscars. Another 152 wins & 155 nominations.,"$533,316,061 ","USA, UK",9-Dec-08,Christopher Nolan,,"Action, Crime, Drama, Thriller","English, Mandarin",84,"When the menace known as the Joker wreaks havoc and chaos on the people of Gotham, Batman must accept one of the greatest psychological and physical tests of his ability to fight injustice.",https://m.media-amazon.com/images/M/MV5BMTMxNTMwODM0NF5BMl5BanBnXkFtZTcwODAyMTk2Mw@@._V1_SX300.jpg,Warner Bros. Pictures/Legendary,PG-13,"[{'Source': 'Internet Movie Database', 'Value': '9.0/10'}, {'Source': 'Rotten Tomatoes', 'Value': '94%'}, {'Source': 'Metacritic', 'Value': '84/100'}]",18-Jul-08,1,152 min,The Dark Knight,movie,,"Jonathan Nolan (screenplay), Christopher Nolan (screenplay), Christopher Nolan (story), David S. Goyer (story), Bob Kane (characters)",2008,tt0468569,9,"2,124,722",,0,1,Drama/Family/Romance/Comedy
1089,"Robert Downey Jr., Terrence Howard, Jeff Bridges, Gwyneth Paltrow",Nominated for 2 Oscars. Another 20 wins & 65 nominations.,"$318,298,180 ",USA,30-Sep-08,Jon Favreau,,"Action, Adventure, Sci-Fi","Hungarian, Kurdish, Hindi, English, Persian, Urdu, Arabic",79,"After being held captive in an Afghan cave, billionaire engineer Tony Stark creates a unique weaponized suit of armor to fight evil.",https://m.media-amazon.com/images/M/MV5BMTczNTI2ODUwOF5BMl5BanBnXkFtZTcwMTU0NTIzMw@@._V1_SX300.jpg,Paramount Pictures,PG-13,"[{'Source': 'Internet Movie Database', 'Value': '7.9/10'}, {'Source': 'Rotten Tomatoes', 'Value': '94%'}, {'Source': 'Metacritic', 'Value': '79/100'}]",2-May-08,1,126 min,Iron Man,movie,,"Mark Fergus (screenplay), Hawk Ostby (screenplay), Art Marcum (screenplay), Matt Holloway (screenplay), Stan Lee (characters), Don Heck (characters), Larry Lieber (characters), Jack Kirby (characters)",2008,tt0371746,7.9,"885,543",,1,0,Action/Adventure
1102,"Edward Norton, Liv Tyler, Tim Roth, William Hurt",1 win & 8 nominations.,"$134,518,390 ",USA,21-Oct-08,Louis Leterrier,,"Action, Adventure, Sci-Fi","English, Portuguese, Spanish",61,"Bruce Banner, a scientist on the run from the U.S. Government, must find a cure for the monster he turns into, whenever he loses his temper.",https://m.media-amazon.com/images/M/MV5BMTUyNzk3MjA1OF5BMl5BanBnXkFtZTcwMTE1Njg2MQ@@._V1_SX300.jpg,Universal Pictures,PG-13,"[{'Source': 'Internet Movie Database', 'Value': '6.7/10'}, {'Source': 'Rotten Tomatoes', 'Value': '67%'}, {'Source': 'Metacritic', 'Value': '61/100'}]",13-Jun-08,1,112 min,The Incredible Hulk,movie,,"Zak Penn (screenplay), Zak Penn (screen story), Stan Lee (Marvel comic book), Jack Kirby (Marvel comic book)",2008,tt0800080,6.7,"410,991",,1,0,Action/Adventure